Disaster.Type,Correlation
Natural Disasters,0.6281807335166306
Earthquakes,0.5839160534645633
Floods,0.7399337970235768
Storms,0.5740267508770809
